{
    "configurations": {
        "lr": 0.0001,
        "hid_size": 350,
        "emb_size": 350,
        "optimizer": "<class 'torch.optim.adam.Adam'>",
        "model": "<class 'model.ModelIAS'>",
        "n_epochs": 40,
        "patience": 3,
        "clip": 5,
        "runs": 5
    },
    "slot_f1s_mean": 0.896,
    "slot_f1s_std": 0.003,
    "intent_acc_mean": 0.942,
    "intent_acc_std": 0.003,
    "slot_f1s": [
        0.8927360342673567,
        0.8986595174262734,
        0.8992664161746287,
        0.8931830381105743,
        0.8956024311762604
    ],
    "intent_acc": [
        0.9462486002239642,
        0.9384098544232923,
        0.9395296752519597,
        0.9417693169092946,
        0.9440089585666294
    ],
    "sampled_epochs": [
        [
            5,
            10,
            15,
            20,
            25,
            30,
            35
        ],
        [
            5,
            10,
            15,
            20,
            25,
            30,
            35
        ],
        [
            5,
            10,
            15,
            20,
            25,
            30,
            35
        ],
        [
            5,
            10,
            15,
            20,
            25,
            30,
            35
        ],
        [
            5,
            10,
            15,
            20,
            25,
            30,
            35
        ]
    ],
    "losses_train": [
        2.1986261095319475,
        1.1383565136364528,
        0.67920526606696,
        0.45281531640461514,
        0.3150130250624248,
        0.23041320272854396,
        0.17071930021047593,
        2.2727558612823486,
        1.1966324874332972,
        0.6973613466535296,
        0.4560288727283478,
        0.3179352091891425,
        0.23187497513634817,
        0.17315236968653544,
        2.2281112330300465,
        1.154867138181414,
        0.6861961586134774,
        0.45348260062081475,
        0.31705808809825353,
        0.23058742029326304,
        0.1722798106925828,
        2.201129606791905,
        1.1401450089045932,
        0.6744308301380703,
        0.4416722297668457,
        0.30891120518956866,
        0.22457082484449659,
        0.16813891317163196,
        2.196896321432931,
        1.1390460167612348,
        0.6814907465662275,
        0.44808400443622043,
        0.3122814565896988,
        0.22854207285812922,
        0.17139665527003153
    ],
    "losses_dev": [
        2.0768159329891205,
        1.0903230607509613,
        0.6896886378526688,
        0.4933094047009945,
        0.3751828446984291,
        0.30099397525191307,
        0.24783981405198574,
        2.162009447813034,
        1.1373916417360306,
        0.7088678926229477,
        0.4993974268436432,
        0.3756277337670326,
        0.29871833324432373,
        0.24141775630414486,
        2.0985731184482574,
        1.0944626852869987,
        0.6882087141275406,
        0.4890636056661606,
        0.3668706454336643,
        0.28908093459904194,
        0.24204787984490395,
        2.073665514588356,
        1.095385581254959,
        0.6937643215060234,
        0.4903455637395382,
        0.36943135783076286,
        0.2932016849517822,
        0.24211863242089748,
        2.0651791840791702,
        1.0960502922534943,
        0.6928389593958855,
        0.48286526277661324,
        0.36115942522883415,
        0.28440977446734905,
        0.2351959329098463
    ],
    "accuracy_history": [
        0.7771084337349398,
        0.9016064257028112,
        0.9357429718875502,
        0.9558232931726908,
        0.9658634538152611,
        0.9718875502008032,
        0.9759036144578314,
        0.7771084337349398,
        0.9076305220883534,
        0.9337349397590361,
        0.9558232931726908,
        0.963855421686747,
        0.9718875502008032,
        0.9779116465863453,
        0.7710843373493976,
        0.9096385542168675,
        0.9357429718875502,
        0.9578313253012049,
        0.9678714859437751,
        0.9759036144578314,
        0.9738955823293173,
        0.7811244979919679,
        0.9036144578313253,
        0.9337349397590361,
        0.9518072289156626,
        0.9678714859437751,
        0.9738955823293173,
        0.9759036144578314,
        0.7811244979919679,
        0.9136546184738956,
        0.9377510040160643,
        0.9558232931726908,
        0.9738955823293173,
        0.9779116465863453,
        0.9759036144578314
    ]
}