{
    "configurations": {
        "lr": 0.0001,
        "hid_size": 350,
        "emb_size": 350,
        "optimizer": "<class 'torch.optim.adam.Adam'>",
        "model": "<class 'model.ModelIAS'>",
        "n_epochs": 200,
        "patience": 0,
        "clip": 5,
        "runs": 5,
        "dropout": 0.5
    },
    "slot_f1s_mean": 0.943,
    "slot_f1s_std": 0.003,
    "intent_acc_mean": 0.945,
    "intent_acc_std": 0.003,
    "slot_f1s": [
        0.9458840119866032,
        0.9445129469790382,
        0.941944591494618,
        0.9434361233480176,
        0.93764352587882
    ],
    "intent_acc": [
        0.9496080627099664,
        0.9451287793952967,
        0.9451287793952967,
        0.9417693169092946,
        0.9417693169092946
    ],
    "sampled_epochs": [
        [
            5,
            10,
            15,
            20,
            25,
            30,
            35,
            40,
            45,
            50,
            55,
            60,
            65,
            70,
            75,
            80,
            85,
            90,
            95,
            100,
            105,
            110,
            115,
            120,
            125,
            130,
            135,
            140,
            145,
            150,
            155,
            160,
            165,
            170,
            175,
            180,
            185,
            190,
            195
        ],
        [
            5,
            10,
            15,
            20,
            25,
            30,
            35,
            40,
            45,
            50,
            55,
            60,
            65,
            70,
            75,
            80,
            85,
            90,
            95,
            100,
            105,
            110,
            115,
            120,
            125,
            130,
            135,
            140,
            145,
            150,
            155,
            160,
            165,
            170,
            175,
            180,
            185,
            190,
            195
        ],
        [
            5,
            10,
            15,
            20,
            25,
            30,
            35,
            40,
            45,
            50,
            55,
            60,
            65,
            70,
            75,
            80,
            85,
            90,
            95,
            100,
            105,
            110,
            115,
            120,
            125,
            130,
            135,
            140,
            145,
            150,
            155,
            160,
            165,
            170,
            175,
            180,
            185,
            190
        ],
        [
            5,
            10,
            15,
            20,
            25,
            30,
            35,
            40,
            45,
            50,
            55,
            60,
            65,
            70,
            75,
            80,
            85,
            90,
            95,
            100,
            105,
            110,
            115,
            120,
            125,
            130,
            135,
            140,
            145,
            150,
            155,
            160,
            165,
            170,
            175,
            180,
            185,
            190,
            195
        ],
        [
            5,
            10,
            15,
            20,
            25,
            30,
            35,
            40,
            45,
            50,
            55,
            60,
            65,
            70,
            75,
            80,
            85,
            90,
            95,
            100,
            105,
            110,
            115,
            120,
            125,
            130,
            135,
            140
        ]
    ],
    "losses_train": [
        2.4361175877707346,
        1.557337760925293,
        1.0233642186437335,
        0.7492161103657313,
        0.5837853882993971,
        0.46472535218511307,
        0.37950165271759034,
        0.31335382120949884,
        0.2650751267160688,
        0.2261055669614247,
        0.19137966462544032,
        0.1671219044498035,
        0.14656209072896412,
        0.12779171700988498,
        0.11163216531276703,
        0.09912219728742327,
        0.0900465469275202,
        0.0783401794731617,
        0.07062256059476307,
        0.0631883951170104,
        0.057739478349685666,
        0.05336434202534812,
        0.04708405914051192,
        0.04278496732669217,
        0.0373962548162256,
        0.035918061967406954,
        0.03310913571289607,
        0.02948793029146535,
        0.026999739983252117,
        0.02505841303084578,
        0.02313901933708361,
        0.020369651993470534,
        0.019036604996238438,
        0.018306797157440866,
        0.01630659627595118,
        0.015509522865925517,
        0.01379467866250447,
        0.012657674455216953,
        0.011681737205279725,
        2.4340490818023683,
        1.5378463404519218,
        1.0255487101418632,
        0.7548571160861424,
        0.5923927281584058,
        0.4726425349712372,
        0.3876610006604876,
        0.31512163025992257,
        0.2689216673374176,
        0.22864299373967306,
        0.19841833455221994,
        0.16745188002075467,
        0.1472736616219793,
        0.12702506610325404,
        0.11964529901742935,
        0.10419449572052275,
        0.08956289493611881,
        0.07912108185035842,
        0.07223213112780026,
        0.06581946973289762,
        0.05917470742549215,
        0.05307387432881764,
        0.04900420265538352,
        0.04535977739308562,
        0.041293254654322355,
        0.035541297761457306,
        0.033431262789028034,
        0.03195488096347877,
        0.027164162642189436,
        0.026020192195262228,
        0.022982955564345632,
        0.021599768181996687,
        0.02325784901955298,
        0.01898373147206647,
        0.01714640153305871,
        0.01606381575443915,
        0.014282727108470032,
        0.013108451970453773,
        0.012610268034040927,
        2.4354363577706475,
        1.5433016674859183,
        1.022141422544207,
        0.7487684147698539,
        0.5791134757655008,
        0.46487452983856203,
        0.37834643040384563,
        0.31589842992169515,
        0.26321872898510523,
        0.2228389480284282,
        0.19155166617461614,
        0.1684189383472715,
        0.14268878655774253,
        0.12605193299906595,
        0.11116633755820138,
        0.09851809867790767,
        0.08579742014408112,
        0.07883860926542963,
        0.0693200490304402,
        0.06269131409270423,
        0.05591627593551363,
        0.05089288524218968,
        0.044550880842975205,
        0.041610015077250345,
        0.04023557182933603,
        0.03417986615427903,
        0.03238987076495375,
        0.02853790761104652,
        0.026033163549644606,
        0.023551409212606293,
        0.022009485268167088,
        0.02071743258940322,
        0.018496064628873553,
        0.018563216498919895,
        0.01707496044359037,
        0.01530783578221287,
        0.013537523922111307,
        0.012037348560988903,
        2.420533207484654,
        1.5447329827717373,
        1.0264297553471156,
        0.7535284723554339,
        0.5834764191082545,
        0.46759252122470313,
        0.38306580015591213,
        0.322082650235721,
        0.27022809769426076,
        0.2277387525354113,
        0.1928778214114053,
        0.16759300827980042,
        0.14734579175710677,
        0.12853833543402807,
        0.11355569320065635,
        0.0975684581058366,
        0.08792356114302363,
        0.07859420467700277,
        0.07085598504969053,
        0.06538838733519826,
        0.05814593625920159,
        0.05420752157058035,
        0.04686064842556204,
        0.04378824196755886,
        0.04052437852535929,
