{
    "configurations": {
        "lr": 0.0001,
        "hid_size": 350,
        "emb_size": 350,
        "optimizer": "<class 'torch.optim.adam.Adam'>",
        "model": "<class 'model.ModelIAS'>",
        "n_epochs": 200,
        "patience": 0,
        "clip": 5,
        "runs": 5
    },
    "slot_f1s_mean": 0.943,
    "slot_f1s_std": 0.002,
    "intent_acc_mean": 0.95,
    "intent_acc_std": 0.002,
    "slot_f1s": [
        0.9450744153082921,
        0.9426548672566372,
        0.9423824673029338,
        0.9401133947554926,
        0.9427359490986215
    ],
    "intent_acc": [
        0.9540873460246361,
        0.9496080627099664,
        0.9496080627099664,
        0.9507278835386338,
        0.9473684210526315
    ],
    "sampled_epochs": [
        5,
        10,
        15,
        20,
        25,
        30,
        35,
        40,
        45,
        50,
        55,
        60,
        65,
        70,
        75,
        80,
        85,
        90,
        95,
        100,
        105,
        110,
        115,
        120,
        125,
        5,
        10,
        15,
        20,
        25,
        30,
        35,
        40,
        45,
        50,
        55,
        60,
        65,
        70,
        75,
        80,
        85,
        90,
        95,
        100,
        105,
        110,
        115,
        120,
        125,
        130,
        135,
        140,
        5,
        10,
        15,
        20,
        25,
        30,
        35,
        40,
        45,
        50,
        55,
        60,
        65,
        70,
        75,
        80,
        85,
        90,
        95,
        100,
        105,
        110,
        115,
        120,
        125,
        130,
        135,
        140,
        5,
        10,
        15,
        20,
        25,
        30,
        35,
        40,
        45,
        50,
        55,
        60,
        65,
        70,
        75,
        80,
        85,
        90,
        95,
        100,
        105,
        110,
        115,
        120,
        125,
        130,
        135,
        140,
        145,
        150,
        155,
        5,
        10,
        15,
        20,
        25,
        30,
        35,
        40,
        45,
        50,
        55,
        60,
        65,
        70,
        75,
        80,
        85,
        90,
        95,
        100,
        105,
        110,
        115,
        120
    ],
    "losses_train": [
        2.2202921560832434,
        1.164002343586513,
        0.6817126137869699,
        0.44248029249055043,
        0.3070160120725632,
        0.22478139272757938,
        0.16817167273589542,
        0.12893160517726626,
        0.09966490588017872,
        0.07830525029982839,
        0.06307951318366187,
        0.05096361945782389,
        0.04201870837381908,
        0.034743505450231686,
        0.028596834998045648,
        0.023589571778263364,
        0.020051245018839835,
        0.016964442442570414,
        0.017744802736810276,
        0.01279647025678839,
        0.010883268314812865,
        0.009504549777401346,
        0.008186457598848002,
        0.00709440718804087,
        0.0062578791353319375,
        2.2107404027666364,
        1.1742654851504735,
        0.7037924000195095,
        0.46006210957254684,
        0.32115311792918616,
        0.23487067648342677,
        0.17643256123576845,
        0.13304060186658587,
        0.10394831725529262,
        0.08318735190800258,
        0.06617452800273896,
        0.05412167598094259,
        0.044238918221422605,
        0.036333822991166796,
        0.03039861832346235,
        0.025177771544882228,
        0.022374741387154375,
        0.018356459135455746,
        0.015383369555430753,
        0.013253686936306103,
        0.011418984178453684,
        0.009597103550497975,
        0.008320047905934708,
        0.0072098242518092905,
        0.006545175851455757,
        0.005527841718867421,
        0.004908448524240936,
        0.004363718968150871,
        2.223348699297224,
        1.1573048251015798,
        0.6882669568061829,
        0.450967846597944,
        0.31348633425576344,
        0.22877930658204215,
        0.17079926154443195,
        0.13063660583325795,
        0.10151559667927879,
        0.07983516880444118,
        0.06422266449247088,
        0.052753549069166183,
        0.04275962252702032,
        0.036677638068795204,
        0.029781688324042727,
        0.02476811542042664,
        0.020784589116062437,
        0.017583750055304596,
        0.014973382359104496,
        0.012340217775532177,
        0.011024307885340283,
        0.009254107983516795,
        0.008034566310899598,
        0.006951322712536369,
        0.006233138797272529,
        0.005387873694832836,
        0.004745989884915096,
        0.004253497300669551,
        2.214690933908735,
        1.1471060241971698,
        0.6792416231972831,
        0.44462887474468776,
        0.30908588000706266,
        0.22607225009373255,
        0.16795830449887683,
        0.12853350171021052,
        0.10031918947185789,
        0.07957188359328679,
        0.06351100994007929,
        0.05164078037653651,
        0.04209874895002161,
        0.03484963859830584,
        0.029502444554652486,
        0.024005092520798955,
        0.020025143426443848,
        0.017040523727025303,
        0.014350907371512482,
        0.012161556019314698,
        0.010543463631932225,
        0.009110406440283571,
        0.0077844240170504364,
        0.00677432476409844,
        0.005877296919269221,
        0.005170669799138393,
        0.004499166578586612,
        0.004011099852089371,
        0.0035585747433028053,
        0.0031846897144402774,
        0.0027104009674595933,
        2.242147479738508,
        1.1535611254828317,
        0.6807155881609236,
        0.4432708059038435,
        0.3050633162260056,
        0.2220292683158602,
        0.16610731056758335,
        0.12675792489733015,
        0.09924839969192233,
        0.07849526980093548,
        0.06304477602243423,
        0.05174207187124661,
        0.042328289257628576,
        0.035361853348357335,
        0.02899101035935538,
        0.024241349580032486,
        0.020235059330505983,
        0.01701164378651551,
        0.014592125905411583,
        0.012253430033368724,
        0.01046903000346252,
        0.008940232558442014,
        0.007818169266517674,
        0.006674315753792013
    ],