{
    "configurations": {
        "lr": 0.0001,
        "hid_size": 350,
        "emb_size": 350,
        "optimizer": "<class 'torch.optim.adam.Adam'>",
        "model": "<class 'model.ModelIAS'>",
        "n_epochs": 200,
        "patience": 0,
        "clip": 5,
        "runs": 5
    },
    "slot_f1s_mean": 0.94,
    "slot_f1s_std": 0.001,
    "intent_acc_mean": 0.949,
    "intent_acc_std": 0.001,
    "slot_f1s": [
        0.9375994343291497,
        0.9413437611091362,
        0.9385435168738898,
        0.9398402839396628,
        0.9405329098288336
    ],
    "intent_acc": [
        0.9529675251959686,
        0.9451287793952967,
        0.9462486002239642,
        0.9529675251959686,
        0.9496080627099664
    ],
    "sampled_epochs": [
        [
            5,
            10,
            15,
            20,
            25,
            30,
            35,
            40,
            45,
            50,
            55,
            60,
            65,
            70,
            75,
            80,
            85,
            90,
            95,
            100,
            105,
            110,
            115,
            120,
            125,
            130
        ],
        [
            5,
            10,
            15,
            20,
            25,
            30,
            35,
            40,
            45,
            50,
            55,
            60,
            65,
            70,
            75,
            80,
            85,
            90,
            95,
            100,
            105,
            110,
            115,
            120,
            125,
            130,
            135,
            140,
            145,
            150
        ],
        [
            5,
            10,
            15,
            20,
            25,
            30,
            35,
            40,
            45,
            50,
            55,
            60,
            65,
            70,
            75,
            80,
            85,
            90,
            95,
            100,
            105,
            110,
            115,
            120,
            125,
            130,
            135
        ],
        [
            5,
            10,
            15,
            20,
            25,
            30,
            35,
            40,
            45,
            50,
            55,
            60,
            65,
            70,
            75,
            80,
            85,
            90,
            95,
            100,
            105,
            110,
            115,
            120,
            125,
            130
        ],
        [
            5,
            10,
            15,
            20,
            25,
            30,
            35,
            40,
            45,
            50,
            55,
            60,
            65,
            70,
            75,
            80,
            85,
            90,
            95,
            100,
            105,
            110,
            115,
            120,
            125,
            130,
            135,
            140,
            145,
            150
        ]
    ],
    "losses_train": [
        2.2162309442247663,
        1.1205221142087665,
        0.663994984967368,
        0.434401958329337,
        0.30331801090921673,
        0.2195122718811035,
        0.16388328203133173,
        0.12563867441245488,
        0.09822897485324315,
        0.07740589209965297,
        0.06248686776629516,
        0.0502933175436088,
        0.04113843132342611,
        0.034206267765590125,
        0.02773500212601253,
        0.02318023049405643,
        0.019522178173065185,
        0.016506835578807763,
        0.014125110049332892,
        0.011783701953079019,
        0.009987896587699652,
        0.008613571897149086,
        0.007428452319332531,
        0.0064966022170015745,
        0.005942677959267582,
        0.005430066099922572,
        2.2166360139846804,
        1.153317676271711,
        0.6796972751617432,
        0.4458769338471549,
        0.3133865054164614,
        0.2268531071288245,
        0.17046009706599372,
        0.12974346492971692,
        0.10168548609529222,
        0.07940827310085297,
        0.06440158518297331,
        0.05209131773029055,
        0.042436151898333004,
        0.03495012484490871,
        0.029059705457517078,
        0.024149995137538228,
        0.02036847940513066,
        0.01698753767247711,
        0.01426366288214922,
        0.012233776705605643,
        0.010377811081707478,
        0.008908294287643262,
        0.0076658833904990125,
        0.006641832805637802,
        0.005954836269042321,
        0.005188844619052751,
        0.004503822991890566,
        0.00396188486234418,
        0.0035174022960875718,
        0.003083212933103953,
        2.2253820964268276,
        1.1680723871503558,
        0.6909233774457659,
        0.4529080271720886,
        0.314845096213477,
        0.22876617738178798,
        0.1702519525374685,
        0.12955353004591805,
        0.09991558896643775,
        0.07858274493898665,
        0.06296732776931353,
        0.051370833069086075,
        0.04175154125051839,
        0.03497881910630635,
        0.02882140055298805,
        0.02381888282086168,
        0.01999852628047977,
        0.024848476690905435,
        0.01438851018569299,
        0.01214656119367906,
        0.010467220789619855,
        0.008958053056682859,
        0.007635126156466348,
        0.00669141842850617,
        0.005933665670454502,
        0.0051386055270476,
        0.004984598194382021,
        2.229317167827061,
        1.169653572354998,
        0.6957489626748221,
        0.45881990449769156,
        0.3216203238282885,
        0.2344696100269045,
        0.17557595712797983,
        0.13345641621521542,
        0.10262702235153744,
        0.08101318989481245,
        0.06533119401761464,
        0.05296495737774032,
        0.04316396260900157,
        0.03562276725258146,
        0.02992922445493085,
        0.024471074449164527,
        0.020487919902162893,
        0.017210947136793817,
        0.014496404198663576,
        0.012325422226318291,
        0.011311813869646617,
        0.009358992760202715,
        0.008056571880089385,
        0.007005836282457624,
        0.005963835479425532,
        0.005370955162548593,
        2.204835605621338,
        1.1571497287069048,
        0.693499095099313,
        0.45973878843443733,
        0.32018335717064994,
        0.23216780211244312,
        0.1745476944105966,
        0.13394562921353748,
        0.10342526882886886,
        0.08176239569272314,
        0.06661047020128795,
        0.053753546518938884,
        0.04355895034968853,
        0.03660247533449105,
        0.030459468279566082,
        0.02546418591269425,
        0.021226398620222298,
        0.018769607692956925,
        0.015101726752306734,
        0.012885623930820397,
        0.010871799769146102,
        0.009308554830827884,
        0.008243227829890593,
        0.007055851138596024,
        0.006264069995709828,
        0.005468787665345839,
        0.004685202620125242,
        0.004267092574653881,
        0.0036541042649852378,
        0.003326774075893419
    ],