{
    "configurations": {
        "lr": 0.0001,
        "hid_size": 350,
        "emb_size": 350,
        "optimizer": "<class 'torch.optim.adam.Adam'>",
        "model": "<class 'model.ModelIAS'>",
        "n_epochs": 200,
        "patience": 0,
        "clip": 5,
        "runs": 5
    },
    "slot_f1s_mean": 0.937,
    "slot_f1s_std": 0.005,
    "intent_acc_mean": 0.951,
    "intent_acc_std": 0.005,
    "slot_f1s": [
        0.9327179123025031,
        0.9417183348095659,
        0.9294180081372723,
        0.9414055585059302,
        0.9397207000176772
    ],
    "intent_acc": [
        0.9496080627099664,
        0.9540873460246361,
        0.9473684210526315,
        0.9496080627099664,
        0.9518477043673013
    ],
    "sampled_epochs": [
        [
            5,
            10,
            15,
            20,
            25,
            30,
            35,
            40,
            45,
            50,
            55,
            60,
            65,
            70,
            75,
            80,
            85,
            90,
            95,
            100,
            105,
            110,
            115,
            120,
            125,
            130,
            135
        ],
        [
            5,
            10,
            15,
            20,
            25,
            30,
            35,
            40,
            45,
            50,
            55,
            60,
            65,
            70,
            75,
            80,
            85,
            90,
            95,
            100,
            105,
            110,
            115,
            120,
            125,
            130,
            135,
            140,
            145,
            150,
            155,
            160,
            165
        ],
        [
            5,
            10,
            15,
            20,
            25,
            30,
            35,
            40,
            45,
            50,
            55,
            60,
            65,
            70,
            75,
            80,
            85
        ],
        [
            5,
            10,
            15,
            20,
            25,
            30,
            35,
            40,
            45,
            50,
            55,
            60,
            65,
            70,
            75,
            80,
            85,
            90,
            95,
            100,
            105,
            110,
            115,
            120,
            125,
            130,
            135,
            140,
            145,
            150
        ],
        [
            5,
            10,
            15,
            20,
            25,
            30,
            35,
            40,
            45,
            50,
            55,
            60,
            65,
            70,
            75,
            80,
            85,
            90,
            95,
            100,
            105,
            110,
            115,
            120,
            125,
            130,
            135,
            140
        ]
    ],
    "losses_train": [
        2.2104759897504533,
        1.1666806595666068,
        0.6996545059340341,
        0.458001035451889,
        0.3195235622780664,
        0.23091332699571337,
        0.17133146460567203,
        0.1310301171881812,
        0.10203777807099479,
        0.08041914360863822,
        0.06459231185061591,
        0.051749186803187644,
        0.04231265378849847,
        0.03493478734578405,
        0.028964364475437574,
        0.02417383449418204,
        0.0204237858365689,
        0.018002041402672017,
        0.014880366091217314,
        0.012680373447281974,
        0.010734710416623524,
        0.00934714838596327,
        0.008037649068449225,
        0.00696960554591247,
        0.0058784331261579476,
        0.005383931845426559,
        0.004601421087448086,
        2.235818610872541,
        1.1923436777932304,
        0.7047021814755031,
        0.46049982820238383,
        0.32383791165692466,
        0.2350181187902178,
        0.17637742034026554,
        0.13532893572534835,
        0.10507865015949522,
        0.08287269600800105,
        0.06648044490388462,
        0.054019837507179806,
        0.0442522372518267,
        0.035937463332499774,
        0.030202091272388185,
        0.025259037635156086,
        0.021232758941394942,
        0.017691828097615922,
        0.015074923714356763,
        0.012561891839972564,
        0.010926224091755492,
        0.009388487001082727,
        0.008047095952289446,
        0.011140884685197047,
        0.0066263506721173015,
        0.0056681860770498,
        0.0049289921298623085,
        0.004418748796784452,
        0.003966905276424119,
        0.0034869614722473283,
        0.003246445770907615,
        0.0028181204372750863,
        0.002591697934881917,
        2.233232739993504,
        1.1724341085978918,
        0.7047803316797528,
        0.4667068770953587,
        0.32601778507232665,
        0.23689004949160986,
        0.1763082666056497,
        0.1336960092186928,
        0.10437292584351131,
        0.08343876334173339,
        0.06660649584872382,
        0.054325921194893975,
        0.04410182322774615,
        0.03703922608069011,
        0.03021949864923954,
        0.025398998388222287,
        0.021120600269309113,
        2.2258755241121566,
        1.184860702923366,
        0.7006056087357657,
        0.45960947445460726,
        0.3207484304904938,
        0.2353962902511869,
        0.1765405386686325,
        0.13362042073692595,
        0.10472946997199739,
        0.08231811608586992,
        0.06622359731367657,
        0.05390756406954356,
        0.04416319456483637,
        0.036073169058987074,
        0.030000017636588643,
        0.025356079904096468,
        0.020894607741917884,
        0.01766403980020966,
        0.014820786326059274,
        0.014671392366290092,
        0.011054078981812512,
        0.00928212861929621,
        0.008285772427916527,
        0.007030104380100965,
        0.006330211932903954,
        0.005468995024317077,
        0.005315492076000997,
        0.004545116910178747,
        0.0038321400460387977,
        0.003590069724512952,
        2.2369578872408185,
        1.1671216215406146,
        0.6899058444159372,
        0.44964751090322225,
        0.3137829950877598,
        0.22841010306562695,
        0.1692082236920084,
        0.12991076090506146,
        0.10029530248471669,
        0.07983659697430474,
        0.06400136202573777,
        0.05236574847783361,
        0.04242707336587565,
        0.03523639078651156,
        0.029485930395977838,
        0.024921020838831152,
        0.0210385959861534,
        0.01759596200925963,
        0.01495362248803888,
        0.013091007886188371,
        0.01086469114358936,
        0.009449687560221978,
        0.00838693038427404,
        0.007046354282647371,
        0.006097375721271549,
        0.005525436106004885,
        0.004770451551303267,
        0.00426158948934504
    ],